ID,Title,cerno,N1,AUC,cES,P.Value,adj.P.Val,significant
LI.M7.1,T cell activation (I),228.5513466541403,49,0.8413158145405186,2.3321565985116357,1.9529052354854195e-12,6.757052114779551e-10,TRUE
LI.M7.0,enriched in T cells (I),232.6645816314006,53,0.8166337244192896,2.1949488833151003,1.735469910960447e-11,3.0023629459615732e-9,TRUE
LI.S0,T cell surface signature,112.8594195672212,24,0.8193473829802722,2.3512379076504417,3.840182949719845e-7,4.429011002010221e-5,TRUE
LI.M7.3,T cell activation (II),121.68449808901866,28,0.7997342168499235,2.172937465875333,9.091286023483452e-7,7.863962410313186e-5,TRUE
LI.M19,T cell differentiation (Th2),77.08710548854152,16,0.8439705347399055,2.4089720465169226,1.3718044830875011e-5,9.492887022965508e-4,TRUE
LI.M7.4,T cell activation (III),69.19885187351991,14,0.8461638383439504,2.4713875669114254,2.4063619222885522e-5,0.0013876687085197317,TRUE
LI.M5.1,T cell activation and signaling,87.15051629873537,22,0.74233601757439,1.9806935522439857,1.1522101780064303e-4,0.0056952103084317845,TRUE
LI.M14,T cell differentiation,51.14812818227969,11,0.8867173553719008,2.3249149173763497,4.093524757266598e-4,0.017036835045764108,TRUE
LI.S7,CD4 T cell surface signature Th2-stimulated,53.87319573731832,12,0.7840994496569448,2.24471648905493,4.431546688204537e-4,0.017036835045764108,TRUE
LI.M7.2,enriched in NK cells (I),133.9568954315266,44,0.6844741429016417,1.5222374480855294,0.0011625979268216368,0.037483099396836694,TRUE
LI.M18,T cell differentiation via ITK and PKC,44.75336780951891,10,0.829306959493855,2.2376683904759456,0.0011916592293792013,0.037483099396836694,TRUE
LI.M65,"IL2, IL7, TCR network",41.166031094779065,9,0.8152834335207808,2.2870017274877257,0.001444099440364252,0.041638200530502593,TRUE
LI.M166,TBA,20.20321454319729,3,0.8210495711585987,3.3672024238662153,0.002547880290565531,0.06781281388735952,FALSE
LI.M112.1,complement activation (II),28.02896940107848,6,0.6778141281958076,2.3357474500898734,0.0054783187002833056,0.1322054795405314,FALSE
LI.M157,enriched in NK cells (III),45.0594870072398,12,0.7919545663927073,1.8774786253016584,0.005731451425167546,0.1322054795405314,FALSE
LI.M199,platelet activation & blood coagulation,41.63536868929348,11,0.8140363636363637,1.892516758604249,0.006917603963640658,0.14360454547161045,FALSE
LI.M61.2,enriched in NK cells (receptor activation),38.80193450081203,10,0.7627227110755581,1.9400967250406016,0.007055714661899935,0.14360454547161045,FALSE
LI.M223,enriched in T cells (II),43.000749036419556,12,0.7625281838679177,1.7916978765174816,0.009945161832199996,0.191168110774511,FALSE
LI.M93,TBA,34.405509082305876,9,0.7576110141555168,1.9114171712392154,0.011218768793895821,0.20429968435199758,FALSE
LI.M236,TBA,36.35328740472234,10,0.6823794633117591,1.8176643702361168,0.013973792209625253,0.2417466052265169,FALSE
LI.M230,"cell cycle, mitotic phase",40.794493304387686,12,0.6992447935607438,1.699770554349487,0.01754260078001301,0.28903523189926195,FALSE
LI.M62.0,"T & B cell development, activation",72.93167344092758,25,0.6101368666278393,1.4586334688185516,0.018826558938382344,0.2960904269400132,FALSE
LI.M117,cell adhesion (GO),62.80611237469884,21,0.6302904276703404,1.49538362796902,0.020349714972620263,0.3061304948055048,FALSE
LI.M179,enriched for TF motif PAX3,32.00496173104527,9,0.7532641716760391,1.778053429502515,0.021957532679725757,0.31655442946604634,FALSE
LI.M104,TBA,28.513307689343364,8,0.7947993165127608,1.7820817305839602,0.027432110283247404,0.3569077794869955,FALSE
LI.M43.1,"myeloid, dendritic cell activation via NFkB (II)",41.50148154688276,13,0.6709899062241221,1.59621082872626,0.027611224124368793,0.3569077794869955,FALSE
LI.M208,TBA,22.953228760347034,6,0.7451835696110505,1.912769063362253,0.02812564960254459,0.3569077794869955,FALSE
LI.M27.0,chemokine cluster (I),30.98755660509182,9,0.7299948290349687,1.7215309225051012,0.028882710478716395,0.3569077794869955,FALSE
LI.M247,enriched in nuclear pore complex interacting proteins,22.573963361130506,6,0.701320731855083,1.8811636134275422,0.03156846477549214,0.37664444180414763,FALSE
LI.M177.0,TBA,74.48959701513732,27,0.5071598466093878,1.3794369817618022,0.03373776012812929,0.3883243026331075,FALSE
LI.M106.0,nuclear pore complex,45.48209923132562,15,0.6861971967602697,1.5160699743775206,0.0347920617966079,0.3883243026331075,FALSE
LI.M235,mitochondrial cluster,49.81733504899722,17,0.5922712798739985,1.4652157367352123,0.039182566307776986,0.4194583762629316,FALSE
LI.M126,double positive thymocytes,32.319948492370884,10,0.7332194022252927,1.6159974246185442,0.04000614571293856,0.4194583762629316,FALSE
LI.M17.3,Hox cluster IV,9.877390878072895,2,0.733737916999782,2.4693477195182236,0.04254444635871905,0.4306347265131741,FALSE
LI.M115,cytokines - recepters cluster,24.18153044482658,7,0.7316105444649869,1.72725217463047,0.0435613162657835,0.4306347265131741,FALSE
LI.M26.2,TBA,9.345564422668776,2,0.902391162148412,2.336391105667194,0.05301912804063938,0.5095727306128118,FALSE
LI.M82,"signal transduction, plasma membrane",17.991444375036938,5,0.6780168653678394,1.7991444375036938,0.05510813432703611,0.5153355264095809,FALSE
LI.M35.0,signaling in T cells (I),40.40773186885361,14,0.6322782113500088,1.443133281030486,0.06079346772203011,0.5535405218900636,FALSE
LI.M43.0,"myeloid, dendritic cell activation via NFkB (I)",35.34883221574262,12,0.6806070744538997,1.4728680089892758,0.06339326543065416,0.5553802694734724,FALSE
LI.M178,enriched for promoter motif NATCACGTGAY (putative SREBF1 targets),25.183686122414688,8,0.6495764560459536,1.573980382650918,0.06665200829640344,0.5553802694734724,FALSE
LI.M35.1,signaling in T cells (II),29.879017596635713,10,0.676045378517926,1.4939508798317855,0.07183786960934556,0.5553802694734724,FALSE
LI.M9,B cell development,24.878073700574312,8,0.6235548607576529,1.5548796062858945,0.07200393274926788,0.5553802694734724,FALSE
LI.M122,enriched for cell migration,14.39242891128859,4,0.7349712873446246,1.7990536139110738,0.07209312633312472,0.5553802694734724,FALSE
LI.M107,Hox cluster VI,11.561019460619915,3,0.6788777438581189,1.926836576769986,0.0725097154825372,0.5553802694734724,FALSE
LI.M89.1,putative targets of PAX3,24.809818049160548,8,0.7065731113211663,1.5506136280725342,0.07324908051355877,0.5553802694734724,FALSE
LI.M143,"nuclear pore, transport; mRNA splicing, processing",29.668356357062557,10,0.7425714493491382,1.4834178178531279,0.07540866091431427,0.5553802694734724,FALSE
LI.S9,Memory B cell surface signature,44.10009827130652,16,0.6296880683885049,1.3781280709783288,0.07544182851229249,0.5553802694734724,FALSE
LI.M17.0,Hox cluster I,14.124150695187234,4,0.5372537617213056,1.7655188368984043,0.07858631756735629,0.5664763724646932,FALSE
LI.M151,TBA,21.76205793235476,7,0.6968050852738944,1.5544327094539114,0.08363744556446,0.5894133019822522,FALSE
LI.M36,"T cell surface, activation",29.07093074594334,10,0.574329139698931,1.453546537297167,0.08637208926252557,0.5894133019822522,FALSE
LI.M177.1,TBA,31.470680728930486,11,0.5352595041322314,1.4304854876786584,0.08687883930952273,0.5894133019822522,FALSE
LI.M123,enriched in B cell differentiation,21.52837269750085,7,0.639751552795031,1.5377409069643464,0.08883857760491895,0.5911182279096531,FALSE
LI.M26.1,TBA,10.837653034892808,3,0.7768813296506275,1.806275505815468,0.0935254329624873,0.610562260472087,FALSE
LI.M86.1,"proinflammatory dendritic cell, myeloid cell response",30.885391819388545,11,0.6816330578512396,1.4038814463358429,0.09848465612132658,0.6310313151477592,FALSE
LI.M106.1,nuclear pore complex (mitosis),30.654018573271426,11,0.602201652892562,1.3933644806032466,0.10341544440152252,0.6396977218794091,FALSE
LI.M17.2,Hox cluster III,13.188174147607256,4,0.7235225703278331,1.648521768450907,0.10553705448909481,0.6396977218794091,FALSE
LI.M12,CD28 costimulation,20.830195553605844,7,0.6270279814703256,1.4878711109718459,0.1060637558276138,0.6396977218794091,FALSE
LI.M112.0,complement activation (I),37.54934090307773,14,0.49760986812707186,1.341047889395633,0.10723256609539226,0.6396977218794091,FALSE
LI.M194,TBA,37.01478240431152,14,0.580718910099866,1.321956514439697,0.11853487360004268,0.690323476641372,FALSE
LI.M217,TBA (source: B cells),4.152063823243817,1,0.8746366279069767,2.0760319116219086,0.12542693118232684,0.690323476641372,FALSE
LI.M38,chemokines and receptors,24.964210462420706,9,0.665131536422985,1.3869005812455948,0.12590521244388866,0.690323476641372,FALSE
LI.M211,TBA,27.312151568261577,10,0.6626136280997745,1.3656075784130788,0.12670806351198682,0.690323476641372,FALSE
LI.S2,B cell surface signature,161.2836938160416,71,0.5344334818259447,1.1358006606763493,0.12810926671068698,0.690323476641372,FALSE
LI.M203,TBA,31.90660125208038,12,0.6339733798821733,1.3294417188366825,0.12932574896496415,0.690323476641372,FALSE
LI.M45,leukocyte activation and migration,29.511814580030748,11,0.4913652892561983,1.341446117274125,0.1308204083014488,0.690323476641372,FALSE
LI.M244,TBA,9.837137245192606,3,0.643867810243737,1.6395228741987677,0.1316802007466201,0.690323476641372,FALSE
LI.M148,TBA,28.97724148723566,11,0.600899173553719,1.3171473403288936,0.1455117139062981,0.7514485524116291,FALSE
LI.M169,mitosis (TF motif CCAATNNSNNNGCG),40.24120703730731,16,0.5677291742451801,1.2575377199158535,0.15037762179165157,0.7651567226457564,FALSE
LI.M61.0,enriched in NK cells (II),26.39265836492036,10,0.686306450439968,1.319632918246018,0.15323169552528834,0.7683792268369531,FALSE
LI.M154.0,amino acid metabolism and transport,16.675784482921674,6,0.640567066521265,1.3896487069101395,0.1622055431035027,0.7862307978750521,FALSE
LI.M96,Hox cluster V,11.758847035235164,4,0.5326924474812823,1.4698558794043954,0.16229219620574306,0.7862307978750521,FALSE
LI.M30,"cell movement, Adhesion & Platelet activation",37.4782951594381,15,0.6468160434550657,1.2492765053146033,0.16360872094509757,0.7862307978750521,FALSE
LI.M51,cell adhesion,46.34615864849669,19,0.6373430665880244,1.2196357539078075,0.16593762419648164,0.7864988763285294,FALSE
LI.M24,"cell activation (IL15, IL23, TNF)",28.059145373578012,11,0.6033719008264463,1.2754156987990006,0.1737293527986535,0.8119244263382104,FALSE
LI.M52,T cell activation (IV),32.32838084509524,13,0.5272039569391912,1.2433992632728939,0.18248584463498985,0.8119244263382104,FALSE
LI.M44,T cell signaling and costimulation,23.15905509560991,9,0.5640957274901428,1.2866141719783284,0.1845517481343674,0.8119244263382104,FALSE
LI.M145.1,cytoskeleton/actin (SRF transcription targets),32.23930662455593,13,0.6232179226069247,1.2399733317136896,0.18532703986480303,0.8119244263382104,FALSE
LI.M47.4,enriched in B cells (V),25.42565661554563,10,0.526383535742855,1.2712828307772814,0.1856289963133977,0.8119244263382104,FALSE
LI.S6,CD4 T cell surface signature Th1-stimulated,20.79134628285434,8,0.622718679560823,1.2994591426783964,0.1866711590751444,0.8119244263382104,FALSE
LI.M57,"immuregulation - monocytes, T and B cells",27.645522160986793,11,0.5315702479338843,1.2566146436812178,0.1877281910608579,0.8119244263382104,FALSE
LI.M152.2,TBA (source: memory B cells),8.67607312604326,3,0.7481707612540582,1.4460121876738767,0.19263166533702894,0.8140432627340755,FALSE
LI.M60,lymphocyte generic cluster,34.244976556910466,14,0.5498810130002391,1.2230348770325166,0.19292354781559012,0.8140432627340755,FALSE
LI.M188,TBA,25.01490992476937,10,0.4947858337575449,1.2507454962384685,0.20086128441419765,0.8196952710138167,FALSE
LI.M212,purine nucleotide biosynthesis,27.1631390259661,11,0.6189355371900827,1.2346881375439136,0.20509568259176053,0.8196952710138167,FALSE
LI.M5.0,regulation of antigen presentation and immune response,165.5836869102073,76,0.503024825490837,1.0893663612513638,0.21331234832089765,0.8196952710138167,FALSE
LI.M189,extracellular region cluster (GO),15.504167966379937,6,0.6855688840421665,1.292013997198328,0.21501543933066242,0.8196952710138167,FALSE
LI.M232,enriched for TF motif TNCATNTCCYR,31.34009854430356,13,0.4848537409637206,1.205388405550137,0.21584604899430712,0.8196952710138167,FALSE
LI.M159,G protein mediated calcium signaling,24.63210218184031,10,0.592167842338739,1.2316051090920155,0.21586992356311102,0.8196952710138167,FALSE
LI.M173,erythrocyte differentiation,24.620092895223127,10,0.6527088938986255,1.2310046447611565,0.21635356716913953,0.8196952710138167,FALSE
LI.S8,Naive B cell surface signature,53.134044217079925,23,0.571009007070202,1.155087917762607,0.2185232544650857,0.8196952710138167,FALSE
LI.M191,transmembrane transport (II),33.31601892076817,14,0.6249779172598697,1.1898578185988633,0.22430271630831033,0.8196952710138167,FALSE
LI.M11.2,formyl peptide receptor mediated neutrophil response,24.40322456217668,10,0.6357719438586285,1.2201612281088339,0.22522207730117122,0.8196952710138167,FALSE
LI.M225,metabolism of steroids,8.164134228292626,3,0.6425110238891312,1.360689038048771,0.22632340386023364,0.8196952710138167,FALSE
LI.M250,spliceosome,26.612229230419445,11,0.5341487603305786,1.209646783200884,0.2263256421055255,0.8196952710138167,FALSE
LI.M88.0,leukocyte migration,44.13334480864364,19,0.5468789496664088,1.16140381075378,0.2282900118061267,0.8196952710138167,FALSE
LI.M70.0,TBA,24.285387166663135,10,0.6051268998618282,1.2142693583331567,0.23014812153990752,0.8196952710138167,FALSE
LI.M21,cell adhesion (lymphocyte homing),19.76691536636463,8,0.5927706682178434,1.2354322103977893,0.2309026482621958,0.8196952710138167,FALSE
LI.M175,cell development,12.850205550157556,5,0.4644664146554231,1.2850205550157556,0.23216802473801743,0.8196952710138167,FALSE
LI.M121,TBA,24.018644041010216,10,0.6090102537997236,1.2009322020505109,0.24157869812479668,0.8409171031353632,FALSE
LI.M17.1,Hox cluster II,5.443430901654556,2,0.7083000218039102,1.360857725413639,0.2447468798076711,0.8409171031353632,FALSE
LI.M91,"adhesion and migration, chemotaxis",23.91482462828279,10,0.5785470147625628,1.1957412314141396,0.2461326146529522,0.8409171031353632,FALSE
LI.M240,chromosome Y linked,10.250231239674992,4,0.6760376535581886,1.281278904959374,0.2479004176873036,0.8409171031353632,FALSE
LI.M1.0,integrin cell surface interactions (I),30.263148388990228,13,0.563869429959043,1.1639672457303933,0.25685272785328134,0.8628256683226732,FALSE
LI.M77,"collagen, TGFB family et al",40.98655246983241,18,0.569461624908034,1.1385153463842337,0.2609747945177058,0.8682430663762135,FALSE
LI.M152.0,TBA (source: B cells),12.306616734078286,5,0.6511922070369294,1.2306616734078286,0.2650597736447695,0.871695739737304,FALSE
LI.M98.1,TBA,7.622912750025021,3,0.6896593497116829,1.2704854583375036,0.26705129598888505,0.871695739737304,FALSE
LI.M111.1,viral sensing & immunity; IRF2 targets network (II),25.55151244653352,11,0.6663537190082645,1.1614323839333418,0.2714348023418954,0.8777237533672505,FALSE
LI.M226,proteasome,20.91326478407144,9,0.5809821601706419,1.1618480435595244,0.2838115161268484,0.9092480053693477,FALSE
LI.M245,translation initiation factor 3 complex,25.22465437089529,11,0.6521190082644628,1.1465751986770587,0.2864525535935867,0.9092897572787247,FALSE
LI.M241,TBA,4.977192826007421,2,0.7086270804564285,1.2442982065018553,0.289645669716228,0.9110672883801354,FALSE
LI.M186,TBA,11.822721950446143,5,0.634835708054667,1.1822721950446142,0.29709630423111777,0.9215615602485983,FALSE
LI.M28,antigen presentation (lipids and proteins),20.633423327077306,9,0.4623893090297977,1.1463012959487393,0.29830894435792776,0.9215615602485983,FALSE
LI.M88.1,enriched in hepatocyte nuclear factors (I),7.188325550307218,3,0.5760284925134467,1.1980542583845364,0.3037817113481565,0.9292075111840351,FALSE
LI.M170,TBA,2.3673270425725303,1,0.6938953488372093,1.1836635212862652,0.30615507593924857,0.9292075111840351,FALSE
LI.M41.2,TBA,4.768824983360003,2,0.6959444727087725,1.1922062458400007,0.3118502536432749,0.9320369561614351,FALSE
LI.M68,RIG-1 like receptor signaling,20.368225729726234,9,0.6087356990498352,1.1315680960959018,0.31247481767261986,0.9320369561614351,FALSE
LI.M13,innate activation by cytosolic DNA sensing,22.319374902821078,10,0.5986037379099702,1.1159687451410538,0.3234349663126165,0.9564828918304727,FALSE
LI.M74,transcriptional targets of glucocorticoid receptor,24.18721975142298,11,0.5022876033057851,1.0994190796101355,0.33749275406339985,0.9739932121210366,FALSE
LI.M101,phosphatidylinositol signaling system,28.413883179243964,13,0.6201573375707795,1.0928416607401525,0.3383982842819233,0.9739932121210366,FALSE
LI.M196,platelet activation - actin binding,30.4837552577364,14,0.5945245196354529,1.0887055449191572,0.34047422397128907,0.9739932121210366,FALSE
LI.M102,TBA,13.309133749982967,6,0.5865139949109415,1.1090944791652473,0.34697766382702894,0.9739932121210366,FALSE
LI.M138,enriched for ubiquitination,23.955356954971013,11,0.6159471074380165,1.0888798615895914,0.3495738895129484,0.9739932121210366,FALSE
LI.M162.1,cell junction,8.879631827786852,4,0.45444137529984735,1.1099539784733565,0.3525516968806868,0.9739932121210366,FALSE
LI.M84,integrins and cell adhesion,17.508944450417122,8,0.5329019123100415,1.0943090281510701,0.3534248053459843,0.9739932121210366,FALSE
LI.M26.0,TBA,13.152509103358598,6,0.5189143341815098,1.0960424252798833,0.35805385627861847,0.9739932121210366,FALSE
LI.M98.0,TBA,8.792728670205234,4,0.5715453950716,1.0990910837756542,0.3600818555965406,0.9739932121210366,FALSE
LI.M239,enriched in calcium signaling proteins,8.765092271604153,4,0.5941884131714763,1.0956365339505192,0.36249851638697744,0.9739932121210366,FALSE
LI.M27.1,chemokine cluster (II),17.350042927335895,8,0.5460535883080055,1.0843776829584935,0.36330301834518797,0.9739932121210366,FALSE
LI.M190,TBA,19.46042655601356,9,0.6073217632990757,1.08113480866742,0.36400080042719846,0.9739932121210366,FALSE
LI.M125,TBA,8.724919871361404,4,0.5645489568946718,1.0906149839201755,0.3660302059926345,0.9739932121210366,FALSE
LI.M224,transmembrane and ion transporters (II),8.656190345704905,4,0.5097586683143127,1.0820237932131131,0.3721239366687214,0.9739932121210366,FALSE
LI.M238,respiratory electron transport chain (mitochondrion),23.4457904418563,11,0.5942743801652892,1.0657177473571045,0.37693459398086876,0.9739932121210366,FALSE
LI.M109,"receptors, cell migration",31.68462809759522,15,0.49614433289684273,1.0561542699198407,0.38233686223413266,0.9739932121210366,FALSE
LI.M229,TBA,23.244239194632524,11,0.5693818181818182,1.056556327028751,0.3880498321018005,0.9739932121210366,FALSE
LI.M59,"CCR1, 7 and cell signaling",19.001723375958182,9,0.49409378837825607,1.0556512986643434,0.3917173640146314,0.9739932121210366,FALSE
LI.M176,TBA,8.43234681906922,4,0.6479065203169295,1.0540433523836525,0.39241554482134927,0.9739932121210366,FALSE
LI.M231,respiratory electron transport chain (mitochondrion),18.988102362686014,9,0.49705901363842026,1.0548945757047785,0.3925564846524902,0.9739932121210366,FALSE
LI.M204.0,chaperonin mediated protein folding (I),27.314150878143156,13,0.5676126317674179,1.0505442645439675,0.3930064051850402,0.9739932121210366,FALSE
LI.M145.0,cytoskeleton/actin (SRF transcription targets),23.13974414161035,11,0.5150214876033058,1.0518065518913795,0.393874933210297,0.9739932121210366,FALSE
LI.M142,transmembrane and ion transporters (I),4.088062442710017,2,0.5855803474089687,1.0220156106775042,0.3942190637925198,0.9739932121210366,FALSE
LI.M131,TBA,25.1635637912994,12,0.5900974616335734,1.048481824637475,0.3969163089857403,0.9739932121210366,FALSE
LI.M135.0,enriched in plasma membrane proteins (I),8.290439840820344,4,0.5591698771534491,1.036304980102543,0.40562566037734366,0.9877802124874397,FALSE
LI.M204.1,chaperonin mediated protein folding (II),20.81245437956569,10,0.563711730055996,1.0406227189782844,0.40824442308006903,0.9877802124874397,FALSE
LI.M61.1,enriched in NK cells (KIR cluster),3.903224942153659,2,0.5981902754560651,0.9758062355384147,0.4192613318883167,1,FALSE
LI.M210,"extracellular matrix, collagen",18.43547995596573,9,0.45321084609915324,1.0241933308869848,0.42733009714107856,1,FALSE
LI.M184.1,TBA,10.090754287419006,5,0.5097266647281187,1.0090754287419006,0.43256753043653917,1,FALSE
LI.M39,integrin mediated leukocyte migration,18.3499774953,9,0.5244166505074009,1.0194431941833333,0.4328308810906389,1,FALSE
LI.M85,platelet activation and degranulation,14.084745585517474,7,0.47928914186003035,1.006053256108391,0.4434166921533234,1,FALSE
LI.M174,TBA,44.52552879325308,22,0.5293193232271768,1.0119438362102973,0.44952048494530494,1,FALSE
LI.M193,TBA,20.07940490956613,10,0.5673769180423242,1.0039702454783064,0.4529725032140676,1,FALSE
LI.M162.0,"plasma membrane, cell junction",13.94108303959391,7,0.42018945138037767,0.9957916456852792,0.45410962217306106,1,FALSE
LI.M83,enriched in naive and memory B cells,20.001878905521846,10,0.4760308341211548,1.0000939452760922,0.45781218502568544,1,FALSE
LI.M184.0,TBA,15.921014775007867,8,0.5165963789718607,0.9950634234379917,0.45848691779877476,1,FALSE
LI.M149,TBA,1.4920886122240316,1,0.5257994186046512,0.7460443061120158,0.47423879078555337,1,FALSE
LI.M132,recruitment of neutrophils,19.709355935316182,10,0.6030034179332412,0.9854677967658091,0.4762378445978591,1,FALSE
LI.M110,axon guidance,9.551842535359338,5,0.5561645827275371,0.9551842535359338,0.4806505099139329,1,FALSE
LI.M86.0,chemokines and inflammatory molecules in myeloid cells,31.6042363239996,16,0.5122271735176428,0.9876323851249875,0.48649252754494127,1,FALSE
LI.M202,enriched in extracellular matrix & associated proteins,3.404855163370677,2,0.4361508830583618,0.8512137908426692,0.4924919772751437,1,FALSE
LI.M78,"myeloid cell cytokines, metallopeptidases and laminins",11.40872914702263,6,0.469998788319399,0.9507274289185524,0.49425282388603753,1,FALSE
LI.M4.11,mitotic cell cycle in stimulated CD4 T cells,17.363503145807673,9,0.46840055587874085,0.9646390636559818,0.4982608313755884,1,FALSE
LI.M243,TBA,21.338734810356623,11,0.5580363636363637,0.9699424913798466,0.4998965226760254,1,FALSE
LI.M70.1,TBA,11.268999006019998,6,0.5297225251423725,0.9390832505016665,0.5060169877517112,1,FALSE
LI.M47.2,enriched in B cells (III),47.11758850046259,24,0.46803341340904125,0.9816164270929706,0.508937953092176,1,FALSE
LI.M133.1,cell cell adhesion,5.222012838558969,3,0.470586810098367,0.8703354730931615,0.5156699953040219,1,FALSE
LI.M205,TBA,21.07579799903232,11,0.557196694214876,0.9579908181378328,0.5160579284951109,1,FALSE
LI.M130,enriched in G-protein coupled receptors,19.063147320162404,10,0.516631517707803,0.9531573660081202,0.5177248426625597,1,FALSE
LI.M201,TBA,34.93703822330615,18,0.550389289092629,0.9704732839807265,0.5190073071822123,1,FALSE
LI.M34,cytoskeletal remodeling (enriched for SRF targets),13.073688786090889,7,0.5587984794033943,0.9338349132922064,0.5207296594427296,1,FALSE
LI.M171,heme biosynthesis (I),20.998153000870257,11,0.5661818181818182,0.9544615000395571,0.5208522805744779,1,FALSE
LI.M135.1,enriched in plasma membrane proteins (II),11.078842935991998,6,0.5340603416939295,0.9232369113326665,0.52217420047378,1,FALSE
LI.M128,TBA,22.952839395851388,12,0.5544342618857129,0.9563683081604745,0.5225835902799328,1,FALSE
LI.M1.1,integrin cell surface interactions (II),6.961824660381948,4,0.3640692011339682,0.8702280825477435,0.5407570688968102,1,FALSE
LI.M124,enriched in membrane proteins,34.39917620635796,18,0.509685739002482,0.9555326723988321,0.5448131042657357,1,FALSE
LI.M94,"growth factor induced, enriched in nuclear receptor subfamily 4",12.732229486585487,7,0.5660379318224309,0.9094449633275348,0.5477081084570494,1,FALSE
LI.M41.3,TBA,3.058149823099556,2,0.5344501780652664,0.764537455774889,0.548141768809572,1,FALSE
LI.M127,type I interferon response,20.547525289488664,11,0.5914314049586776,0.9339784222494848,0.5488314553743467,1,FALSE
LI.M220,TBA,6.83859633561635,4,0.4564403576361125,0.8548245419520437,0.5541429977843789,1,FALSE
LI.M207,TBA,8.757984026897912,5,0.4957981971503344,0.8757984026897911,0.5552155839655071,1,FALSE
LI.M111.0,viral sensing & immunity; IRF2 targets network (I),32.03823380065524,17,0.5675503321235362,0.9423009941369189,0.564065698563307,1,FALSE
LI.M152.1,TBA (source: naive B cells),2.9098754798989135,2,0.47180027618286213,0.7274688699747284,0.5730190369424978,1,FALSE
LI.M89.0,putative targets of PAX3,20.057317202369873,11,0.5581752066115703,0.9116962364713579,0.579454320584358,1,FALSE
LI.M144,"cell cycle, ATP binding",23.93737634546254,13,0.5001790470222243,0.9206683209793284,0.5795462681617276,1,FALSE
LI.M20,AP-1 transcription factor network,18.11295670966333,10,0.4522071122100211,0.9056478354831665,0.5799673407106085,1,FALSE
LI.M222,heme biosynthesis (II),23.81639482658485,13,0.5297385913475526,0.9160151856378789,0.5864632855048013,1,FALSE
LI.M181,nucleotide metabolism,16.04105409358631,9,0.5232531833753474,0.8911696718659061,0.5896820672846608,1,FALSE
LI.M4.5,mitotic cell cycle in stimulated CD4 T cells,60.31587441724345,32,0.47664387428071964,0.9424355377694289,0.6075136676845586,1,FALSE
LI.M237,golgi membrane (II),27.057982365080715,15,0.4362578204568602,0.9019327455026905,0.6202247505381827,1,FALSE
LI.M183,TBA,6.212058431323417,4,0.525005451770008,0.7765073039154271,0.6234914834289068,1,FALSE
LI.M67,activated dendritic cells,19.171858668053336,11,0.5341685950413223,0.8714481212751516,0.6346933659859759,1,FALSE
LI.M158.0,interferon alpha response (I),6.108590132001223,4,0.3991604274187686,0.7635737665001529,0.6350694981480111,1,FALSE
LI.M172,enriched for TF motif TTCNRGNNNNTTC,6.105278464285847,4,0.5086864868794069,0.7631598080357309,0.6354402995048568,1,FALSE
LI.M180,TBA,19.109430497117707,11,0.5148958677685951,0.8686104771417139,0.6385616037949462,1,FALSE
LI.M80,TBA,26.51308976817544,15,0.49342839128958726,0.8837696589391814,0.6487054133352179,1,FALSE
LI.M41.0,TBA,2.432969988816847,2,0.3796424158732466,0.6082424972042118,0.6566774076811113,1,FALSE
LI.M133.0,"cell adhesion, membrane",9.518722588042731,6,0.4324366896885981,0.7932268823368943,0.6581015225312496,1,FALSE
LI.M228,olfactory receptors,5.877049676050085,4,0.36857599767391147,0.7346312095062606,0.6610019740427777,1,FALSE
LI.M2.0,extracellular matrix (I),22.385379456466133,13,0.42565072402139614,0.8609761329410051,0.6674378593794896,1,FALSE
LI.M153,TBA,27.9409895757069,16,0.5131093124772644,0.8731559242408407,0.672275561816319,1,FALSE
LI.M165,enriched in activated dendritic cells (II),56.41069841574906,31,0.49789018631205506,0.9098499744475654,0.6763399851996286,1,FALSE
LI.M62.1,enriched for unknown TF motif CTCNANGTGNY,14.677854763604035,9,0.5200536487622003,0.8154363757557798,0.6839550223016839,1,FALSE
LI.M99,TBA,3.863978535037558,3,0.4153462228037021,0.6439964225062597,0.6950777034137567,1,FALSE
LI.M71,enriched in antigen presentation (I),27.384123927247654,16,0.49615769370680246,0.8557538727264892,0.6994529557479072,1,FALSE
LI.M187,"metabolism in mitochondria, peroxisome",0.7087251768053336,1,0.29840116279069767,0.3543625884026668,0.7016205217644066,1,FALSE
LI.M163,enriched in neutrophils (II),19.81102144514788,12,0.5213288239144666,0.8254592268811617,0.7074706478224866,1,FALSE
LI.M129,inositol phosphate metabolism,21.306990596082848,13,0.5130368613057004,0.8194996383108788,0.7259490907900048,1,FALSE
LI.S3,Plasma cell surface signature,21.294038622646802,13,0.40619614601284665,0.8190014854864155,0.726631338586504,1,FALSE
LI.M167,enriched in cell cycle,22.794651300757582,14,0.49023683089297404,0.8140946893127708,0.7432471109014616,1,FALSE
LI.M87,transmembrane transport (I),37.52953539829715,22,0.459048230319793,0.8529439863249352,0.7436848617283893,1,FALSE
LI.M108,TBA,5.086636139962914,4,0.3823871483608345,0.6358295174953642,0.7482774909556567,1,FALSE
LI.M246,TBA,6.742042263682478,5,0.4035620820005816,0.6742042263682478,0.7495526270146466,1,FALSE
LI.M116,TBA,5.065236933092983,4,0.3802246129243294,0.6331546166366229,0.7505813106388474,1,FALSE
LI.M200,antigen processing and presentation,10.134460085769165,7,0.41812252020191526,0.7238900061263689,0.7522882922267429,1,FALSE
LI.M141,TBA,16.878343753992684,11,0.44938181818181816,0.7671974433633039,0.7700402124578881,1,FALSE
LI.M22.1,mismatch repair (II),20.366776419737548,13,0.42810143013809,0.7833375546052903,0.7738640915950717,1,FALSE
LI.M76,DNA repair,31.155303333820633,19,0.43559506392235864,0.8198764035215956,0.7764258140612341,1,FALSE
LI.M248,TBA,13.245070164539731,9,0.46259129985133474,0.7358372313633184,0.7768131749448923,1,FALSE
LI.M198,TBA,16.68899779428913,11,0.4918743801652893,0.758590808831324,0.7802846401228551,1,FALSE
LI.M249,TBA,3.21819530972868,3,0.3395115569123419,0.53636588495478,0.7810047548363429,1,FALSE
LI.M58,B cell development/activation,16.476404539161493,11,0.442499173553719,0.7489274790527951,0.7915592202584198,1,FALSE
LI.M8,E2F transcription factor network,19.90849446827069,13,0.4755600814663951,0.7657113257027188,0.7958729777941067,1,FALSE
LI.M213,"regulation of transcription, transcription factors",28.786930357224293,18,0.48435567197846174,0.7996369543673415,0.7980027629968821,1,FALSE
LI.M182,enriched in DNA interacting proteins,25.166565187168345,16,0.4484403419425246,0.7864551620990108,0.7992276137612643,1,FALSE
LI.M216,respiratory electron transport chain (mitochondrion),12.827624318036984,9,0.44375767565121843,0.7126457954464991,0.801709916258551,1,FALSE
LI.M164,xenobiotic metabolism,2.958472064041247,3,0.37980326597858216,0.4930786773402078,0.8140407018702627,1,FALSE
LI.S11,Activated (LPS) dendritic cell surface signature,59.185976205070816,35,0.4829728773339439,0.8455139457867259,0.8182277669919489,1,FALSE
LI.M161,TBA,19.358244417515092,13,0.47500615474138896,0.7445478622121189,0.8209534932639705,1,FALSE
LI.M154.1,transmembrane transport (SLC cluster),5.884626465095303,5,0.41626926432102357,0.5884626465095303,0.8248614524550699,1,FALSE
LI.M90,TBA,1.5091658916775224,2,0.26713423940693365,0.3772914729193806,0.8250166138419702,1,FALSE
LI.M29,proinflammatory cytokines and chemokines,7.453161980567188,6,0.3394159699503211,0.6210968317139324,0.8262730726037446,1,FALSE
LI.M119,enriched in activated dendritic cells (I),14.021072681746437,10,0.44372772889244416,0.7010536340873219,0.82942589689805,1,FALSE
LI.M75,antiviral IFN signature,35.010410159187046,22,0.5002812167089044,0.7956911399815237,0.8315261970414051,1,FALSE
LI.M41.1,TBA,4.27334681906225,4,0.33924547503089336,0.5341683523827813,0.8316574531403852,1,FALSE
LI.M206,Wnt signaling pathway,8.958667176989385,7,0.3958329005587985,0.6399047983563847,0.8336892075311797,1,FALSE
LI.M150,innate antiviral response,17.28072932049764,12,0.4833321211239605,0.7200303883540684,0.8364444677366063,1,FALSE
LI.M197,TBA,5.660015106610805,5,0.39105844722302996,0.5660015106610805,0.8429729015911714,1,FALSE
LI.M195,"muscle contraction, SRF targets",4.13372747261216,4,0.34738678490950065,0.51671593407652,0.8448609437820096,1,FALSE
LI.M81,enriched in myeloid cells and monocytes,50.35068413957042,31,0.4687850950355943,0.8121078087027487,0.8552068332987783,1,FALSE
LI.M155,G protein coupled receptors cluster,13.306012397988505,10,0.39803650643589555,0.6653006198994252,0.8638716761910373,1,FALSE
LI.M242,TBA,14.907770974235495,11,0.39362644628099175,0.6776259533743407,0.8661654967384207,1,FALSE
LI.M53,inflammasome receptors and signaling,14.868385176147989,11,0.38365619834710746,0.6758356898249086,0.8678240427531627,1,FALSE
LI.M137,TBA,21.441562423655668,15,0.4617731218778796,0.7147187474551889,0.8735745961829712,1,FALSE
LI.M233,TBA,2.3650923483685062,3,0.3190870766099724,0.3941820580614177,0.8832499300690995,1,FALSE
LI.M10.0,E2F1 targets (Q3),43.45383029419403,28,0.4433247339567881,0.7759612552534648,0.8894243129201538,1,FALSE
LI.M92,"lipid metabolism, endoplasmic reticulum",6.481364426929833,6,0.3679995153277596,0.5401137022441528,0.8899021299590814,1,FALSE
LI.M56,suppression of MAPK signaling,14.314605345809381,11,0.42818512396694214,0.6506638793549718,0.8899381386136218,1,FALSE
LI.M37.1,enriched in neutrophils (I),79.29810654079965,48,0.5295871922020468,0.8260219431333297,0.8914857466988161,1,FALSE
LI.M114.1,glycerophospholipid metabolism,12.61307581910789,10,0.4493782270380336,0.6306537909553944,0.8933614781280752,1,FALSE
LI.M72.1,TBA,22.48743774479671,16,0.42963350309203346,0.7027324295248972,0.8938164366151723,1,FALSE
LI.M47.3,enriched in B cells (IV),17.46581812904692,13,0.4274355990241937,0.6717622357325739,0.8943358237279916,1,FALSE
LI.M219,respiratory electron transport chain (mitochondrion),22.23558095139168,16,0.458348490360131,0.69486190473099,0.900977043487096,1,FALSE
LI.M139,lysosomal/endosomal proteins,12.384584424734882,10,0.37659806559522946,0.6192292212367441,0.9022031826605914,1,FALSE
LI.M218,TBA,18.758670482606252,14,0.4165636138793919,0.6699525172359376,0.9054160876186571,1,FALSE
LI.M146,MHC-TLR7-TLR8 cluster,22.03707104417446,16,0.46615132775554746,0.6886584701304519,0.9064038498693068,1,FALSE
LI.M120,TBA,13.838159564528944,11,0.38172561983471076,0.6290072529331338,0.9071234745176894,1,FALSE
LI.M134,"Membrane, ER proteins",13.760243802354594,11,0.39810247933884296,0.6254656273797543,0.909769616622756,1,FALSE
LI.M136,TBA,20.240941330399593,15,0.44906639507250595,0.6746980443466531,0.9101163341317287,1,FALSE
LI.M140,"extracellular matrix, complement",13.711886663521117,11,0.3389487603305785,0.6232675756145962,0.9113885998459571,1,FALSE
LI.M160,leukocyte differentiation,15.246378941355143,12,0.4010109826169176,0.6352657892231309,0.9133419971116813,1,FALSE
LI.M234,"transcription elongation, RNA polymerase II",13.586574120572902,11,0.41431404958677687,0.6175715509351319,0.9155009549472528,1,FALSE
LI.M192,TBA,15.162041583945168,12,0.3759182485998982,0.631751732664382,0.9159275585002559,1,FALSE
LI.M227,translation initiation,11.91161283485719,10,0.4004436041015199,0.5955806417428595,0.9190845926330647,1,FALSE
LI.M0,targets of FOSL1/2,1.977939683333923,3,0.25817706061927603,0.32965661388898715,0.921716256687396,1,FALSE
LI.M147,intracellular transport,23.008287163274893,17,0.4679218311305896,0.6767143283316145,0.9234133249829352,1,FALSE
LI.M100,"MAPK, RAS signaling",11.779732753987872,10,0.3767362373645553,0.5889866376993936,0.9234487428665641,1,FALSE
LI.M50,CD1 and other DC receptors,10.172409487910175,9,0.32845323508499774,0.5651338604394541,0.926133315344339,1,FALSE
LI.S1,NK cell surface signature,43.13814662021648,29,0.4493606677581687,0.7437611486244221,0.9272886142124673,1,FALSE
LI.M72.0,TBA,32.195965313974185,23,0.4254558919404761,0.6999122894342215,0.9386669717543973,1,FALSE
LI.M22.0,mismatch repair (I),38.873300570615235,27,0.42680506340037433,0.7198759364928747,0.9398313701127238,1,FALSE
LI.M72.2,TBA,12.575750330146299,11,0.41152396694214877,0.57162501500665,0.944322654036811,1,FALSE
LI.M156.0,"plasma cells & B cells, immunoglobulins",35.03092951824051,25,0.3863744903902155,0.7006185903648102,0.9463964838256949,1,FALSE
LI.M4.14,Rho GTPase cycle,5.264852277443928,6,0.3166969586816915,0.43873768978699396,0.9485425182458801,1,FALSE
LI.M214,TBA,12.39281835105988,11,0.41386446280991734,0.5633099250481763,0.9487274041482415,1,FALSE
LI.M209,lysosome,9.423490900209886,9,0.3216744231142137,0.5235272722338826,0.9491106019227509,1,FALSE
LI.M4.8,cell division - E2F transcription network,19.85982259178575,16,0.35961713350309205,0.6206194559933047,0.9536505053637656,1,FALSE
LI.M95.1,enriched in antigen presentation (III),15.097384070561946,13,0.3913184575099035,0.5806686180985363,0.9555270823234798,1,FALSE
LI.M42,platelet activation (III),9.163851142973089,9,0.36832622325641523,0.5091028412762827,0.9558253520091968,1,FALSE
LI.M31,cell cycle and growth arrest,9.13348933906115,9,0.3605455368108073,0.5074160743922861,0.9565697293106912,1,FALSE
LI.M37.3,cell division,10.515351309629192,10,0.33733546651152646,0.5257675654814596,0.9578365199505693,1,FALSE
LI.M79,TBA,7.674571950666038,8,0.34636079400857994,0.47966074691662736,0.9579692286606988,1,FALSE
LI.M55,TBA,13.349787172133283,12,0.38602807476907414,0.5562411321722202,0.9600008456224012,1,FALSE
LI.M168,enriched in dendritic cells,20.968682643572834,17,0.37643806067246455,0.6167259601050833,0.9608418496371434,1,FALSE
LI.M4.4,mitotic cell cycle - DNA replication,35.11048373640133,26,0.3902859063033799,0.67520161031541015,0.9650278593613416,1,FALSE
LI.M221,TBA,2.4093165501470333,4,0.24736497782946865,0.30116456876837916,0.9658255427473482,1,FALSE
LI.M32.2,CORO1A-DEF6 network (I),20.502711053979326,17,0.3703862220091762,0.6030209133523331,0.967081673311466,1,FALSE
LI.M37.2,endoplasmic reticulum,17.426048799020762,15,0.3672680537368447,0.5808682933006921,0.9671043858456657,1,FALSE
LI.M10.1,E2F1 targets (Q4),21.88832273482231,18,0.40487278372019697,0.6080089648561753,0.9691146688541661,1,FALSE
LI.M15,Ran mediated mitosis,12.77399660413313,12,0.3578381458045434,0.5322498585055471,0.969700968137298,1,FALSE
LI.M11.1,blood coagulation,24.699240199723924,20,0.38423695509788225,0.6174810049930981,0.9724794074359051,1,FALSE
LI.M48,TBA,11.14219486435086,11,0.3636694214876033,0.5064634029250391,0.9726610449114007,1,FALSE
LI.M156.1,"plasma cells, immunoglobulins",19.987776804761754,17,0.3757275902211874,0.5878757883753457,0.9730907615296084,1,FALSE
LI.M32.6,TBA,13.976209710871881,13,0.3761666032541796,0.5375465273412262,0.9733123322530903,1,FALSE
LI.M64,enriched in activated dendritic cells/monocytes,16.916072741253593,15,0.39377273388622147,0.5638690913751198,0.9735675785438407,1,FALSE
LI.M73,enriched in monocytes (III),12.481977703488317,12,0.3647901665575678,0.5200824043120132,0.9739135095750757,1,FALSE
LI.M32.5,TBA,13.924872113242943,13,0.38166670396812963,0.5355720043554978,0.9739768138791935,1,FALSE
LI.M40,complement and other receptors in DCs,13.896448568359514,13,0.3797419484792194,0.5344787910907505,0.9743394439327269,1,FALSE
LI.M2.2,extracellular matrix (III),1.2385088184913222,3,0.1834568978049135,0.20641813641522036,0.9749399346471874,1,FALSE
LI.M32.4,CORO1A-DEF6 network (II),15.032859186335257,14,0.34150827713059473,0.5368878280834021,0.978086571289197,1,FALSE
LI.M103,cell cycle (III),71.21321600179479,49,0.4163357583406758,0.7266654694060692,0.9809290298851611,1,FALSE
LI.M4.6,cell division in stimulated CD4 T cells,19.109750168978533,17,0.34578511264808603,0.5620514755581921,0.9813922524611813,1,FALSE
LI.M185,TBA,14.601065132766987,14,0.3391129493188124,0.5214666118845352,0.98234514049894,1,FALSE
LI.M4.9,mitotic cell cycle in stimulated CD4 T cells,17.36997252094513,16,0.33718170243724993,0.5428116412795353,0.9834690018890955,1,FALSE
LI.M4.7,mitotic cell cycle,21.78022883468477,19,0.36454894330864274,0.5731639167022308,0.9838523636541908,1,FALSE
LI.M215,small GTPase mediated signal transduction,15.604222647330369,15,0.3138707017799117,0.5201407549110123,0.9858510210023873,1,FALSE
LI.M54,BCR signaling,11.041298599445561,12,0.3512619099570878,0.4600541083102317,0.9887142815457616,1,FALSE
LI.M3,regulation of signal transduction,52.3358781962279,39,0.40010053105811744,0.6709727973875372,0.9887438770027551,1,FALSE
LI.M97,enriched for SMAD2/3 signaling,5.9280114051625485,8,0.28672835017814297,0.3705007128226593,0.988854626344283,1,FALSE
LI.M88.2,enriched in hepatocyte nuclear factors (II),0.9076183466934796,3,0.13475795900566942,0.15126972444891326,0.988873136077018,1,FALSE
LI.M33,inflammatory response,6.962965156204,9,0.3058625816042919,0.3868313975668889,0.9904349433512478,1,FALSE
LI.M4.15,enriched in monocytes (I),7.743769167529936,10,0.2986982764889826,0.3871884583764968,0.9934317609872906,1,FALSE
LI.M95.0,enriched in antigen presentation (II),22.601180979967868,21,0.36944271158244957,0.5381233566659016,0.9937591663806686,1,FALSE
LI.M66,TBA,12.555660264166574,14,0.3205946232424737,0.4484164380059491,0.9946738343841728,1,FALSE
LI.M32.3,KLF12 targets network,16.586024290717273,17,0.31760169143326716,0.48782424384462564,0.994751267057045,1,FALSE
LI.M41.4,ATF targets network,0.21051753006263985,2,0.0509121302420234,0.05262938251565996,0.9948341083723061,1,FALSE
LI.M23,"RA, WNT, CSF receptors network (monocyte)",8.561080920524427,11,0.29752727272727275,0.3891400418420194,0.9953302837892597,1,FALSE
LI.M113,golgi membrane (I),6.128713474541514,9,0.25129274125783724,0.340484081918973,0.9956469745391023,1,FALSE
LI.M25,TLR8-BAFF network,7.183644288092044,10,0.26630063268125953,0.3591822144046022,0.9960378877802261,1,FALSE
LI.M32.0,platelet activation (I),22.98814032155044,22,0.34113902692401854,0.5224577345806918,0.9962508093059476,1,FALSE
LI.M63,regulation of localization (GO),9.228544436044771,12,0.2824811501442529,0.3845226848351988,0.9970665346591481,1,FALSE
LI.M32.8,cytoskeletal remodeling,6.8558877532973845,10,0.24353865173441933,0.34279438766486925,0.9971315981456529,1,FALSE
LI.M105,TBA,14.176204777323843,16,0.30327846489632593,0.4430063992913701,0.9972866801152054,1,FALSE
LI.M118.1,enriched in monocytes (surface),11.333198969463995,14,0.301671013935508,0.40475710605228554,0.9977986359728602,1,FALSE
LI.M4.12,C-MYC transcriptional network,7.6295220131088,11,0.2781884297520661,0.3467964551413091,0.9980132830288747,1,FALSE
LI.M4.13,cell junction (GO),6.497440605080435,10,0.22250018180495965,0.3248720302540217,0.9980368705829136,1,FALSE
LI.M47.1,enriched in B cells (II),40.212085715353396,35,0.3556025061926271,0.5744583673621914,0.9983789596449192,1,FALSE
LI.M4.10,cell cycle (II),8.500739457442478,12,0.27372293742575216,0.3541974773934366,0.9984847460426456,1,FALSE
LI.M49,transcription regulation in cell development,50.59889842037534,44,0.3603226255409677,0.5749874820497198,0.9995318670843581,1,FALSE
LI.M6,mitotic cell division,27.321158144530013,28,0.3091354505830585,0.4878778240094645,0.9995604723863871,1,FALSE
LI.M2.1,extracellular matrix (II),28.352700471262988,29,0.30888586437919985,0.48883966329763773,0.9996367337612193,1,FALSE
LI.M16,TLR and inflammatory signaling,46.34002408997033,42,0.3830193787552196,0.5516669534520278,0.9997238380319984,1,FALSE
LI.M114.0,TBA,35.75696593344254,35,0.33815074623758873,0.5108137990491791,0.9997807159643843,1,FALSE
LI.S10,Resting dendritic cell surface signature,80.59780469978234,65,0.37504380841121493,0.6199831130752488,0.9997900891348873,1,FALSE
LI.S5,DC surface signature,88.48411305690425,71,0.3977623226576405,0.6231275567387623,0.9998707529429149,1,FALSE
LI.M32.1,platelet activation (II),16.286350214278293,21,0.2869515491786234,0.38777024319710224,0.9998806707652351,1,FALSE
LI.M32.7,TBA,3.586564059704642,9,0.16147954236959472,0.1992535588724801,0.9998932555153547,1,FALSE
LI.M46,cell division stimulated CD4+ T cells,17.318556707977375,23,0.2548279288802243,0.3764903632168995,0.9999621308721637,1,FALSE
LI.M47.0,enriched in B cells (I),43.065434252498235,43,0.3168795369858648,0.5007608634011422,0.9999701757039884,1,FALSE
LI.M69,enriched in B cells (VI),11.246273106823482,18,0.24780292189154882,0.31239647518954117,0.9999748768939416,1,FALSE
LI.M4.2,PLK1 signaling events,23.154377593545334,29,0.29154906234619365,0.3992134067852644,0.9999880659142786,1,FALSE
LI.M4.3,myeloid cell enriched receptors and transporters,22.76542306878012,29,0.2884076458712095,0.3925072942893124,0.9999912183027164,1,FALSE
LI.M118.0,enriched in monocytes (IV),50.78715998125013,51,0.3460877275782669,0.49791333314951103,0.9999949155210887,1,FALSE
LI.M37.0,immune activation - generic cluster,409.93839471546073,288,0.41206641678418565,0.7116986019365638,0.9999999736734301,1,FALSE
LI.M4.1,cell cycle (I),142.19607228971816,124,0.3487464133394205,0.5733712592327345,0.9999999913959431,1,FALSE
LI.S4,Monocyte surface signature,72.48603015260396,78,0.3169111212303495,0.46465403943976896,0.999999998774567,1,FALSE
LI.M11.0,enriched in monocytes (II),194.173359222742,174,0.36201355420030473,0.5579694230538563,0.999999999998615,1,FALSE
LI.M4.0,cell cycle and transcription,319.8219720796792,293,0.3457093593612365,0.5457712834124219,1,1,FALSE
LI.M158.1,interferon alpha response (II),-0,0,NaN,NaN,1,1,FALSE
